ID,data_type,designation,band_number,sex,age,location,date,buffer,County,State,CleanedZymo,Kit,sample,latitude ,longitude,EC_counts,KO_counts,Paths_counts,Paths_Pro,EC_Pro,KO_Pro,CAZy_ECs
Z1,simulatedMG,Sample 1 ,120855854,F,HY,Stewart Park,26-Jun,Y,Tompkins,NY,No,Zymo,F_HY_NY,42.4614,-76.5032,1710,5141,339,339,1710,5141,52
Z2,simulatedMG,Sample 2 ,120848766,F,HY,Walker Reservoir,25-Jun,Y,Tolland ,CT,Yes,Zymo,F_HY_CT,41.8491,-72.4308,1760,5478,353,353,1760,5478,55
Z3,simulatedMG,Sample 3,120848474,M,HY,Enfield ,21-Jun,Y,Hartford,CT,Yes,Zymo,M_HY_CT,42.0027,-72.5441,1799,5591,357,357,1799,5591,53
Z5,simulatedMG,Sample 5,120848765,F,HY,Walker Reservoir,25-Jun,Y,Tolland ,CT,Yes,Zymo,F_HY_CT,41.8491,-72.4308,1535,4780,311,311,1535,4780,58
Z6,simulatedMG,Sample 6,120848501,M,adult,Windsor,21-Jun,Y,Hartford,CT,No,Zymo,M_adult_CT,41.8526,-72.6437,1582,4921,324,324,1582,4921,48
Z7,simulatedMG,Sample 7,120848658,F,adult,Essex,22-Jun,Y,Essex,CT,No,Zymo,F_adult_CT,41.3504,-72.4052,1859,5659,366,366,1859,5659,54
Z9,simulatedMG,Sample 9,120855856,F,HY,Stewart Park,26-Jun,Y,Tompkins,NY,No,Zymo,F_HY_NY,42.4614,-76.5032,1806,5720,355,355,1806,5720,50
Z10,simulatedMG,Sample 10,120855974,M,HY,Cass Park,26-Jun,Y,Tompkins,NY,No,Zymo,M_HY_NY,42.4526,-76.5144,1707,5086,341,341,1707,5086,53
Z11,simulatedMG,Sample 11,120848638,F,adult,Essex,22-Jun,Y,Essex,CT,No,Zymo,F_adult_CT,41.3504,-72.4052,1436,4205,293,293,1436,4205,43
ZD1,MG,Sample 1,120855854,F,HY,Stewart Park,26-Jun,Y,Tompkins,NY,No,Zymo,F_HY_NY,42.4614,-76.5032,1666,4443,371,324,1546,3549,68
ZD2,MG,Sample 2,120848766,F,HY,Walker Reservoir,25-Jun,Y,Tolland ,CT,Yes,Zymo,F_HY_CT,41.8491,-72.4308,1993,5739,468,399,1828,4631,61
ZD3,MG,Sample 3,120848474,M,HY,Enfield ,21-Jun,Y,Hartford,CT,Yes,Zymo,M_HY_CT,42.0027,-72.5441,2404,6851,529,450,2195,5434,80
ZD5,MG,Sample 5,120848765,F,HY,Walker Reservoir,25-Jun,Y,Tolland ,CT,Yes,Zymo,F_HY_CT,41.8491,-72.4308,1743,4591,404,355,1654,4299,71
ZD6,MG,Sample 6,120848501,M,adult,Windsor,21-Jun,Y,Hartford,CT,No,Zymo,M_adult_CT,41.8526,-72.6437,1732,3925,387,337,1637,3603,70
ZD7,MG,Sample 7,120848658,F,adult,Essex,22-Jun,Y,Essex,CT,No,Zymo,F_adult_CT,41.3504,-72.4052,2621,7871,559,452,2198,5136,90
ZD9,MG,Sample 9,120855856,F,HY,Stewart Park,26-Jun,Y,Tompkins,NY,No,Zymo,F_HY_NY,42.4614,-76.5032,1827,4990,421,366,1698,3869,69
ZD10,MG,Sample 10,120855974,M,HY,Cass Park,26-Jun,Y,Tompkins,NY,No,Zymo,M_HY_NY,42.4526,-76.5144,2108,5776,484,415,1957,4430,76
ZD11,MG,Sample 11,120848638,F,adult,Essex,22-Jun,Y,Essex,CT,No,Zymo,F_adult_CT,41.3504,-72.4052,1559,4112,375,323,1433,3250,51
ZR1,MT,Sample 1,120855854,F,HY,Stewart Park,26-Jun,Y,Tompkins,NY,No,Zymo,F_HY_NY,42.4614,-76.5032,1042,2828,268,241,907,1920,29
ZR2,MT,Sample 2,120848766,F,HY,Walker Reservoir,25-Jun,Y,Tolland ,CT,Yes,Zymo,F_HY_CT,41.8491,-72.4308,737,2017,147,145,589,1282,13
ZR3,MT,Sample 3,120848474,M,HY,Enfield ,21-Jun,Y,Hartford,CT,Yes,Zymo,M_HY_CT,42.0027,-72.5441,1568,4554,376,319,1294,3137,48
ZR5,MT,Sample 5,120848765,F,HY,Walker Reservoir,25-Jun,Y,Tolland ,CT,Yes,Zymo,F_HY_CT,41.8491,-72.4308,1271,3416,299,265,1116,2594,38
ZR6,MT,Sample 6,120848501,M,adult,Windsor,21-Jun,Y,Hartford,CT,No,Zymo,M_adult_CT,41.8526,-72.6437,1129,2851,266,240,909,1896,35
ZR7,MT,Sample 7,120848658,F,adult,Essex,22-Jun,Y,Essex,CT,No,Zymo,F_adult_CT,41.3504,-72.4052,1143,2921,291,232,761,1475,28
ZR9,MT,Sample 9,120855856,F,HY,Stewart Park,26-Jun,Y,Tompkins,NY,No,Zymo,F_HY_NY,42.4614,-76.5032,1055,2919,245,222,906,1844,30
ZR10,MT,Sample 10,120855974,M,HY,Cass Park,26-Jun,Y,Tompkins,NY,No,Zymo,M_HY_NY,42.4526,-76.5144,1002,2472,251,227,867,1684,29
ZR11,MT,Sample 11,120848638,F,adult,Essex,22-Jun,Y,Essex,CT,No,Zymo,F_adult_CT,41.3504,-72.4052,1489,5747,339,271,1068,2442,39
